linea,codigo,producto
LINEA 1,3666,CCSA 2.5 L NRP 6P S/P Full Red
LINEA 1,3665,CCSA 2.5 L NRP 6P C/P Full Red
LINEA 1,3694,CCSA 3L NRP No Preciado
LINEA 1,3574,CCSA 2.5 Prec 6
LINEA 1,988,Coca Cola 2.5 Lts Nrp
LINEA 1,3065,Coca Cola sin azúcar 2.5 Lts NRP 6P
LINEA 1,189,Coca Cola 3 L NRP
LINEA 1,1934,Sidral Mza Mundet 2.5L 6p
LINEA 1,736,Fanta 2.5 L NRP
LINEA 1,3030,CrNga 2.5L NR 6
LINEA 1,3585,Cristal Minerlzda 2.5L NRP 6P
LINEA 1,3633,CC 2.5L NRP 8P
LINEA 1,3162,CCZ2.5LNRP6P
LINEA 1,3032,CrFsa 2.5L NR 6
LINEA 1,3031,CRCbd 2.5L NR 6
LINEA 1,1770,Fanta 3 lts 6 pack
LINEA 1,796,Spr 2.5 Lts NRP
LINEA 1,797,Fresca 2.5 L NRP
LINEA 2,3059,CC sin Azúcar 600 ml NRP 12P
LINEA 2,815,Coca Cola 600ml NRP 24 PACK
LINEA 2,2224,Cristal Minerlzd 600ml NR 12P
LINEA 2,1076,CC L 600 NRP 12 PACK
LINEA 2,3157,CCZ600NRP12P
LINEA 2,1056,Cristal Fsa 600 ml NRP 12 pack
LINEA 2,3759,Coca Cola 450 ml Nr 24 pack
LINEA 2,1058,Cristal Cbd 600 ml NRP 12 pack
LINEA 2,1057,Cristal Nga 600 ml NRP 12 pack
LINEA 2,1156,Coca 600ml NR12
LINEA 3,3818,Cr negra 1.5 9Pack
LINEA 3,3817,Cr Fresa 1.5 lts 9 pack
LINEA 3,2304,Cr Mundet 1.5 lts 9 pack
LINEA 3,2303,Sprite 1.5 9 pack
LINEA 3,2302,Fanta 1.5 9pack
LINEA 3,2136,Cr fresca 1.5 lts 9 pack
LINEA 3,3695,CCSA1.75NRP9PFR
LINEA 3,3816,Cr Cebada 1.5 lts 9 pack
LINEA 3,3976,MundetMza135LNR
LINEA 3,3972,Fanta1.35LNRP12p
LINEA 3,3974,Fresca135LNRP12
LINEA 3,2920,CC 1.75LNRP 9P
LINEA 3,4539,CrCeb1.75LNRP9P
LINEA 3,3984,FtaNja1.75LNRP9
LINEA 3,3978,Sprite135LNRP12
LINEA 3,3893,Light 1.75 9P
LINEA 3,3988,MdtMz1.75LNRP9P
LINEA 3,2405,Mundet Manzana 3L NRP 6P
LINEA 3,2768,VFcpunch3lnrp6p
LINEA 3,5188,FcaFusión1.75P9
LINEA 3,3990,Sprit1.75LNRP9p
LINEA 3,4574,Cr Minera1.75P9
LINEA 3,4540,CrFr1.75LNRP9P
LINEA 3,4541,CrNg1.75LNRP9Pz
LINEA 3,3986,Fresca175LNRP9p
LINEA 3,3968,CrFs1.35LNRP12P
LINEA 3,3970,CrNg1.35LNRP12P
LINEA 3,3966,CrCb1.35LNRP12P
LINEA 3,1807,Cristal Fresa 3 L 6pack
LINEA 3,1221,Cristal Negra 3L 6pack
LINEA 3,2206,Sprite3LtsNRP6P
LINEA 3,1771,Fresca 3 lts 6 Pack
LINEA 3,3991,VFPiña3LNRP6Pz
LINEA 3,2225,CrMlzd 1.5L 9P
LINEA 3,3992,VFUva3LNRP6Pz
LINEA 4,131,Coca Cola 2.5 Lts Ret Pet
LINEA 4,18,Coca Cola 1.5 RP 12p
LINEA 4,3885,CocaCola3LRet6P
LINEA 4,5159,CrtTé1.5LRPU12P
LINEA 4,3749,Fanta1.5RPUNV12
LINEA 4,3752,VFrut1.5L UNV12
LINEA 4,3750,Mndt1.5L UNV 12
LINEA 6,3586,CCSA 500 RV 24P
LINEA 6,3164,CCZ500RV24P
LINEA 6,2,Coca 12
LINEA 6,1915,Mndt Mnz 500 24
LINEA 6,2227,CrMlzd 12Oz 24P
LINEA 6,2153,Fresa 500 vidrio
LINEA 6,1868,Coca 500 ml RV
LINEA 6,2152,Negra 500 vidrio
LINEA 6,3994,CC1LRV12Pzs
LINEA 6,3812,CC 235ml VD
LINEA 6,2331,Mundet12ozVR24P
LINEA 6,60,Cebada 12 Oz
LINEA 6,38,Negra 12
LINEA 6,58,Fresa 12
LINEA 6,651,Cc Light 355 vidrio
LINEA 6,2471,Fca12ozRVVde24P
LINEA 6,3067,CCSA 355ml RV
LINEA 7,3159,CCZ1.35LNRP12P
LINEA 7,3964,CC135LNRP12pz
LINEA 7,815,Coca Cola 600ml NRP 24 PACK
LINEA 7,1076,CC L 600 NRP 12 PACK
LINEA 7,3157,CCZ600NRP12P
LINEA 7,1156,Coca 600ml NR12
LINEA 8,2058,APCNR 1.2 L 12P
LINEA 8,1244,APC NR 600ml 24
LINEA 8,611,Agua Pur 1L 12p
LINEA 10,3667,CCSA 1.25 L NRP 12 P C/P Full Red
LINEA 10,3063,CCSA 1.25L NR12
LINEA 10,3545,CCLight 1.25 12
LINEA 10,2921,Coca Cola 1.25L NRP 12P
LINEA 10,3658,APC600NR24PVndg
LINEA 10,3058,CCSA 355 NR 12P
LINEA 10,2714,Valle Frut 2.0 lts 6 pack
LINEA 10,3821,Mundet 600ml 9P
LINEA 10,3159,CCZ1.35LNRP12P
LINEA 10,2462,Fanta 300ml NRP 12 Piezas
LINEA 10,3823,Sprite 600 ml 9 pack
LINEA 10,3964,CC135LNRP12pz
LINEA 10,2991,CC 355 ml NR 12 P
LINEA 10,3155,CCZ355NRP12P
LINEA 10,3819,Fanta 600ml NRP 9 pack
LINEA 10,3820,Frsca 600 ml NR P9P
LINEA 10,3583,Cr Mnlzd 300 12
LINEA 10,3919,CristalQuina300
LINEA 10,2460,Cristal Negra 300ml NRP 12P
LINEA 10,2463,Sprite 300ml NRP 12 Pzas
LINEA 10,2464,Mundet Manzana 300ml NRP 12 Pz
LINEA 10,2461,Cristal Fresa 300ml NRP 12P
LINEA 10,3980,CCSA1.35LNRP12P
LINEA 10,2842,Té Cristal 1 lt 6 pack
LINEA 10,3982,CCL1.35LNRP12Pz
LINEA 10,4606,MunSng600NRP9P
LINEA 10,2754,Valle Frut Uva 2L
LINEA 10,4607,MunMdrn600NRP9P
LINEA 10,4607,Mundet Mandarina 600 ml 9Pz
LINEA 10,3068,Coca Light 355 ml 12 P
LINEA 10,3897,Mundet Durazno 600ml 9Pz
LINEA 10,3898,Mundet Pera 600 ml 9Pz
LINEA 10,3900,FantaUva600ml9p
LINEA 10,2755,Valle Frut Manzana 2L
LINEA 10,3822,N&N 600 NRP 9P
EXTRAS,3743,SuFrt+Cri600m24
EXTRAS,2884,CExpLmn 1L NR 6
EXTRAS,3099,CExp Fsa 1L 6P
MULTIEMPAQUES,2883,CExpJmc 1L 6
MULTIEMPAQUES,3161,BiCCZ2.5LNRP
MULTIEMPAQUES,2998,Srt9CC+3CSA 600
MULTIEMPAQUES,2426,CC600mlNRP6Pk
MULTIEMPAQUES,3894,BipackCCL175LNR
MULTIEMPAQUES,1687,BiPack CC2.5 NR
MULTIEMPAQUES,5400,Agua Purificada 1.2L NRP 6P
MULTIEMPAQUES,2427,CCL600ml NRP6Pk
MULTIEMPAQUES,3786,AP 1L NRP 6P
MULTIEMPAQUES,1621,APC NR 600ml 6p
MULTIEMPAQUES,1698,Cr Nga 600ml 6p
MULTIEMPAQUES,4565,DCC-Frs175NRP
MULTIEMPAQUES,1699,Cr Fsa 600ml 6p
MULTIEMPAQUES,1700,Cr Ceb 600ml 6p
MULTIEMPAQUES,2457,CrSrNgFs300ml12
COMPRADO,2203,Mundet 600 ml NRP 6 pzas
COMPRADO,3077,Limón&Nada 600 NRP 6P
COMPRADO,3588,NjNada 600 6 SA
COMPRADO,3078,Limón & nada 2L 6 pack
COMPRADO,1580,Sprite 600ml NRP Six
COMPRADO,1581,Fresca 600ml NRP Six
